journal	<div style='font-size:0.95em;color:#555'>/ˈdʒɜːnl/</div><b>n.</b> 期刊；定期刊物；日记，日志<div style='margin-top:8px;padding:6px;background:#f6f6f6;border-left:3px solid #4a90d9'><i>the academic <u>journal</u> has stood at the center of scientific research</i><br><span style='color:#666'>学术期刊一直处于科学研究的中心</span></div><div style='font-size:0.8em;color:#999;margin-top:4px'>真题频次: 37 (2010-2024)</div>	Day1 必背 高频
research	<div style='font-size:0.95em;color:#555'>/rɪˈsɜːtʃ/</div><b>n./v.</b> 研究，调查<div style='margin-top:8px;padding:6px;background:#f6f6f6;border-left:3px solid #4a90d9'><i>the academic journal has stood at the center of scientific <u>research</u></i><br><span style='color:#666'>学术期刊一直处于科学研究的中心</span></div><div style='font-size:0.8em;color:#999;margin-top:4px'>真题频次: 47 (2010-2024)</div>	Day1 必背 高频
peer	<div style='font-size:0.95em;color:#555'>/pɪə(r)/</div><b>n.</b> 同辈；同行；贵族<br><b>v.</b> 凝视，端详<br><span style='color:#888'>固定搭配: <b>peer review</b> = 同行评审</span><div style='margin-top:8px;padding:6px;background:#f6f6f6;border-left:3px solid #4a90d9'><i><u>peer</u> review serving as its quality gate</i><br><span style='color:#666'>同行评审充当其质量把关者</span></div><div style='font-size:0.8em;color:#999;margin-top:4px'>真题频次: 25 (2010-2024)</div>	Day1 必背 错词 搭配
evidence	<div style='font-size:0.95em;color:#555'>/ˈevɪdəns/</div><b>n.</b> 证据；迹象；明显<div style='margin-top:8px;padding:6px;background:#f6f6f6;border-left:3px solid #4a90d9'><i>growing <u>evidence</u> now suggests that ...</i><br><span style='color:#666'>日益增多的证据表明……</span></div><div style='font-size:0.8em;color:#999;margin-top:4px'>真题频次: 20 (2010-2024)</div>	Day1 必背 错词
particular	<div style='font-size:0.95em;color:#555'>/pəˈtɪkjələ/</div><b>a.</b> 特定的；详细的；挑剔的<br><b>n.</b> 详情，细节<br><span style='color:#888'>盲区词 · 摸底✓ 但审词✗</span><div style='margin-top:8px;padding:6px;background:#f6f6f6;border-left:3px solid #4a90d9'><i>this <u>particular</u> section of the publishing pipeline</i><br><span style='color:#666'>出版流程中的这一特定环节</span></div><div style='font-size:0.8em;color:#999;margin-top:4px'>真题频次: 22 (2010-2024)</div>	Day1 必背 盲区
section	<div style='font-size:0.95em;color:#555'>/ˈsekʃn/</div><b>n.</b> 部分；章节；区域；截面<div style='margin-top:8px;padding:6px;background:#f6f6f6;border-left:3px solid #4a90d9'><i>this particular <u>section</u> of the publishing pipeline</i><br><span style='color:#666'>出版流程中的这一特定环节</span></div><div style='font-size:0.8em;color:#999;margin-top:4px'>真题频次: 75 (2010-2024)</div>	Day1 必背 高频
reform	<div style='font-size:0.95em;color:#555'>/rɪˈfɔːm/</div><b>v./n.</b> 改革，改造，改良<div style='margin-top:8px;padding:6px;background:#f6f6f6;border-left:3px solid #4a90d9'><i>in urgent need of <u>reform</u></i><br><span style='color:#666'>亟需改革</span></div><div style='font-size:0.8em;color:#999;margin-top:4px'>真题频次: 19 (2010-2024)</div>	Day1 必背
define	<div style='font-size:0.95em;color:#555'>/dɪˈfaɪn/</div><b>v.</b> 给…下定义；阐述；限定，规定<div style='margin-top:8px;padding:6px;background:#f6f6f6;border-left:3px solid #4a90d9'><i><u>define</u> methodological standards</i><br><span style='color:#666'>定义方法论标准</span></div><div style='font-size:0.8em;color:#999;margin-top:4px'>真题频次: 18 (2010-2024)</div>	Day1 必背
comprehension	<div style='font-size:0.95em;color:#555'>/ˌkɒmprɪˈhenʃn/</div><b>n.</b> 理解力；领悟；包含力<div style='margin-top:8px;padding:6px;background:#f6f6f6;border-left:3px solid #4a90d9'><i>whose <u>comprehension</u> of the subject matter determines whether the work proceeds</i><br><span style='color:#666'>他们对主题的理解决定了论文能否继续推进</span></div><div style='font-size:0.8em;color:#999;margin-top:4px'>真题频次: 27 (2010-2024)</div>	Day1 必背
subject	<div style='font-size:0.95em;color:#555'><b>n.</b> /ˈsʌbdʒɪkt/<br><b>v.</b> /səbˈdʒekt/</div><b>n.</b> 主题；学科；科目<br><b style='color:#c00'>v. 使服从（熟词僻义）</b><br><b>a.</b> 隶属的；易遭…的<br><span style='color:#888'>固定搭配: <b>subject X to Y</b> = 使 X 受到 Y</span><div style='margin-top:8px;padding:6px;background:#f6f6f6;border-left:3px solid #4a90d9'><i>their comprehension of the <u>subject</u> matter</i><br><span style='color:#666'>他们对主题的理解</span></div><div style='font-size:0.8em;color:#999;margin-top:4px'>真题频次: 22 (2010-2024)</div>	Day1 必背 熟词僻义
digital	<div style='font-size:0.95em;color:#555'>/ˈdɪdʒɪtl/</div><b>a.</b> 数字的；数位的；手指的<br><b>n.</b> 数字<div style='margin-top:8px;padding:6px;background:#f6f6f6;border-left:3px solid #4a90d9'><i>as scholarship has moved into the <u>digital</u> era</i><br><span style='color:#666'>随着学术研究进入数字时代</span></div><div style='font-size:0.8em;color:#999;margin-top:4px'>真题频次: 28 (2010-2024)</div>	Day1 必背
commission	<div style='font-size:0.95em;color:#555'>/kəˈmɪʃn/</div><b>n.</b> 委员会；委任，委托；佣金<br><b>v.</b> 委任，委托<div style='margin-top:8px;padding:6px;background:#f6f6f6;border-left:3px solid #4a90d9'><i>A 2023 <u>commission</u> convened by the U.S. Federal Office...</i><br><span style='color:#666'>2023 年由美国联邦科技政策办公室召集的一个委员会……</span></div><div style='font-size:0.8em;color:#999;margin-top:4px'>真题频次: 18 (2010-2024)</div>	Day1 必背
federal	<div style='font-size:0.95em;color:#555'>/ˈfedərəl/</div><b>a.</b> 联邦的；联邦制的；联合的<div style='margin-top:8px;padding:6px;background:#f6f6f6;border-left:3px solid #4a90d9'><i>U.S. <u>Federal</u> Office of Science and Technology Policy</i><br><span style='color:#666'>美国联邦科技政策办公室</span></div><div style='font-size:0.8em;color:#999;margin-top:4px'>真题频次: 37 (2010-2024)</div>	Day1 必背 高频
address	<div style='font-size:0.95em;color:#555'>/əˈdres/</div><b>n.</b> 地址；致词<br><b style='color:#c00'>v. 处理，应对；致辞，向…讲话（熟词僻义）</b><br><span style='color:#888'>真题考点: address the issue/problem = 处理问题</span><div style='margin-top:8px;padding:6px;background:#f6f6f6;border-left:3px solid #4a90d9'><i>reviewers now must <u>address</u> dozens of dense paragraphs per week</i><br><span style='color:#666'>评审者现在每周必须处理数十段密集的论证段落</span></div><div style='font-size:0.8em;color:#999;margin-top:4px'>真题频次: 20 (2010-2024)</div>	Day1 必背 熟词僻义
paragraph	<div style='font-size:0.95em;color:#555'>/ˈpærəɡrɑːf/</div><b>n.</b> 段落；段；小新闻，短评<div style='margin-top:8px;padding:6px;background:#f6f6f6;border-left:3px solid #4a90d9'><i>a single misjudged <u>paragraph</u> can derail a researcher's career</i><br><span style='color:#666'>一个判断失误的段落能使研究者的职业生涯脱轨</span></div><div style='font-size:0.8em;color:#999;margin-top:4px'>真题频次: 116 (2010-2024)</div>	Day1 必背 超高频
congress	<div style='font-size:0.95em;color:#555'>/ˈkɒŋɡres/</div><b>n.</b> （代表）大会；（美国等国的）国会，议会<div style='margin-top:8px;padding:6px;background:#f6f6f6;border-left:3px solid #4a90d9'><i><u>Congress</u> held a brief hearing on the matter last year</i><br><span style='color:#666'>国会去年就此事举行了一场简短的听证会</span></div><div style='font-size:0.8em;color:#999;margin-top:4px'>真题频次: 19 (2010-2024)</div>	Day1 必背 错词
court	<div style='font-size:0.95em;color:#555'>/kɔːt/</div><b>n.</b> 法院，法庭；宫廷，朝廷；庭院；球场<div style='margin-top:8px;padding:6px;background:#f6f6f6;border-left:3px solid #4a90d9'><i>the <u>court</u> of public opinion has noticed</i><br><span style='color:#666'>舆论的『法庭』也注意到了这一点</span></div><div style='font-size:0.8em;color:#999;margin-top:4px'>真题频次: 60 (2010-2024)</div>	Day1 必背 高频
accord	<div style='font-size:0.95em;color:#555'>/əˈkɔːd/</div><b>n./v.</b> 一致，符合；给予<br><span style='color:#888'>固定搭配: <b>in accord with</b> = 与…一致 / 符合</span><br><span style='color:#888'>反义: at odds with = 不一致</span><div style='margin-top:8px;padding:6px;background:#f6f6f6;border-left:3px solid #4a90d9'><i>the remaining authors are seldom in <u>accord</u> with the journal's verdict</i><br><span style='color:#666'>剩下的作者与期刊的裁决很少达成一致</span></div><div style='font-size:0.8em;color:#999;margin-top:4px'>真题频次: 64 (2010-2024)</div>	Day1 必背 错词 高频 搭配
blank	<div style='font-size:0.95em;color:#555'>/blæŋk/</div><b>a.</b> 空白的；空着的；茫然的<br><b>n.</b> 空白；表格中的空白处<div style='margin-top:8px;padding:6px;background:#f6f6f6;border-left:3px solid #4a90d9'><i>filling the <u>blank</u> that anonymity has long maintained</i><br><span style='color:#666'>填补匿名性长期造成的空白</span></div><div style='font-size:0.8em;color:#999;margin-top:4px'>真题频次: 20 (2010-2024)</div>	Day1 必背
course	<div style='font-size:0.95em;color:#555'>/kɔːs/</div><b>n.</b> 课程，教程；过程；路线，路程；一道菜<br><b>v.</b> 跑过，奔流<div style='margin-top:8px;padding:6px;background:#f6f6f6;border-left:3px solid #4a90d9'><i>a structured training <u>course</u> for reviewers</i><br><span style='color:#666'>为评审者提供的结构化培训课程</span></div><div style='font-size:0.8em;color:#999;margin-top:4px'>真题频次: 18 (2010-2024)</div>	Day1 必背
pipeline	<div style='font-size:0.95em;color:#555'>/ˈpaɪplaɪn/</div><b>n.</b> 管道，输油管；<b>流程，渠道</b>（学术语境常用）<div style='margin-top:8px;padding:6px;background:#f6f6f6;border-left:3px solid #4a90d9'><i>this particular section of the publishing <u>pipeline</u></i><br><span style='color:#666'>出版流程中的这一特定环节</span></div>	Day1 支持词
validity	<div style='font-size:0.95em;color:#555'>/vəˈlɪdəti/</div><b>n.</b> 有效性；正当性；合法性<div style='margin-top:8px;padding:6px;background:#f6f6f6;border-left:3px solid #4a90d9'><i>The traditional model defines <u>validity</u> narrowly</i><br><span style='color:#666'>传统模式对有效性的定义很狭隘</span></div>	Day1 支持词
convene	<div style='font-size:0.95em;color:#555'>/kənˈviːn/</div><b>v.</b> 召集（会议）；集合；开会<div style='margin-top:8px;padding:6px;background:#f6f6f6;border-left:3px solid #4a90d9'><i>A 2023 commission <u>convened</u> by the U.S. Federal Office...</i><br><span style='color:#666'>2023 年由美国联邦机构召集的一个委员会……</span></div>	Day1 支持词
derail	<div style='font-size:0.95em;color:#555'>/diːˈreɪl/</div><b>v.</b> 使出轨；<b>使（计划等）受挫，破坏</b>（喻义高频）<div style='margin-top:8px;padding:6px;background:#f6f6f6;border-left:3px solid #4a90d9'><i>a single misjudged paragraph can <u>derail</u> a researcher's career</i><br><span style='color:#666'>一个判断失误的段落能使研究者的职业生涯脱轨</span></div>	Day1 支持词
prominent	<div style='font-size:0.95em;color:#555'>/ˈprɒmɪnənt/</div><b>a.</b> 突出的；杰出的；显眼的；著名的<div style='margin-top:8px;padding:6px;background:#f6f6f6;border-left:3px solid #4a90d9'><i>when <u>prominent</u> papers are retracted</i><br><span style='color:#666'>当重要（知名）论文被撤稿时</span></div>	Day1 支持词
verdict	<div style='font-size:0.95em;color:#555'>/ˈvɜːdɪkt/</div><b>n.</b> 裁决，判决；定论；意见<div style='margin-top:8px;padding:6px;background:#f6f6f6;border-left:3px solid #4a90d9'><i>seldom in accord with the journal's <u>verdict</u></i><br><span style='color:#666'>与期刊的裁决很少达成一致</span></div>	Day1 支持词
dispute	<div style='font-size:0.95em;color:#555'>/dɪˈspjuːt/</div><b>n./v.</b> 争议，争论，纠纷<div style='margin-top:8px;padding:6px;background:#f6f6f6;border-left:3px solid #4a90d9'><i><u>disputes</u> occasionally reach actual courts</i><br><span style='color:#666'>争议偶尔会进入真正的法庭</span></div>	Day1 支持词
anonymity	<div style='font-size:0.95em;color:#555'>/ˌænəˈnɪməti/</div><b>n.</b> 匿名（性）；无名<div style='margin-top:8px;padding:6px;background:#f6f6f6;border-left:3px solid #4a90d9'><i>filling the blank that <u>anonymity</u> has long maintained</i><br><span style='color:#666'>填补匿名性长期造成的空白</span></div>	Day1 支持词
mandate	<div style='font-size:0.95em;color:#555'>/ˈmændeɪt/</div><b>v.</b> 强制要求；授权<br><b>n.</b> 授权；命令；任期<div style='margin-top:8px;padding:6px;background:#f6f6f6;border-left:3px solid #4a90d9'><i>The second would <u>mandate</u> a structured training course</i><br><span style='color:#666'>第二种方案会强制要求设立结构化培训课程</span></div>	Day1 支持词
expertise	<div style='font-size:0.95em;color:#555'>/ˌekspɜːˈtiːz/</div><b>n.</b> 专门技能；专业知识<div style='margin-top:8px;padding:6px;background:#f6f6f6;border-left:3px solid #4a90d9'><i>recognize when a topic lies outside their <u>expertise</u></i><br><span style='color:#666'>识别一个主题何时超出了他们的专业知识范围</span></div>	Day1 支持词
decade	<div style='font-size:0.95em;color:#555'>/ˈdekeɪd/</div><b>n.</b> 十年<div style='margin-top:8px;padding:6px;background:#f6f6f6;border-left:3px solid #4a90d9'><i>Over the past <u>decade</u>, liberal democracies have struggled with one central question.</i><br><span style='color:#666'>过去十年，自由民主国家一直在与一个核心问题作斗争。</span></div><div style='font-size:0.8em;color:#999;margin-top:4px'>真题频次: 16 (2010-2024)</div>	Day2 必背 高频
liberal	<div style='font-size:0.95em;color:#555'>/ˈlɪbərəl/</div><b>a.</b> 自由主义的；慷慨的；思想开放的；丰富的<div style='margin-top:8px;padding:6px;background:#f6f6f6;border-left:3px solid #4a90d9'><i><u>liberal</u> democracies have struggled with one central question</i><br><span style='color:#666'>自由民主国家一直在与一个核心问题作斗争</span></div><div style='font-size:0.8em;color:#999;margin-top:4px'>真题频次: 17 (2010-2024)</div>	Day2 必背 高频
climate	<div style='font-size:0.95em;color:#555'>/ˈklaɪmət/</div><b>n.</b> 气候；<b>风气，社会思潮</b>（喻义）<div style='margin-top:8px;padding:6px;background:#f6f6f6;border-left:3px solid #4a90d9'><i>scientific evidence about <u>climate</u> change</i><br><span style='color:#666'>关于气候变化的科学证据</span></div><div style='font-size:0.8em;color:#999;margin-top:4px'>真题频次: 16 (2010-2024)</div>	Day2 必背 高频
figure	<div style='font-size:0.95em;color:#555'>/ˈfɪɡə(r)/</div><b>n.</b> 数字；体形；轮廓；图形；人物<br><b>v.</b> 推测；计算<br><span style='color:#888'>固定: <b>figure out</b> = 弄清楚</span><div style='margin-top:8px;padding:6px;background:#f6f6f6;border-left:3px solid #4a90d9'><i><u>Figures</u> released last month by the United Nations indicate ...</i><br><span style='color:#666'>联合国上月发布的数字表明……</span></div><div style='font-size:0.8em;color:#999;margin-top:4px'>真题频次: 15 (2010-2024)</div>	Day2 必背 多义 高频
indicate	<div style='font-size:0.95em;color:#555'>/ˈɪndɪkeɪt/</div><b>v.</b> 指出，指示；表明，暗示<div style='margin-top:8px;padding:6px;background:#f6f6f6;border-left:3px solid #4a90d9'><i>Figures ... <u>indicate</u> that global emissions, far from declining, have risen</i><br><span style='color:#666'>数字……表明全球排放量非但没下降反而上升了</span></div><div style='font-size:0.8em;color:#999;margin-top:4px'>真题频次: 14 (2010-2024)</div>	Day2 必背 高频
significant	<div style='font-size:0.95em;color:#555'>/sɪɡˈnɪfɪkənt/</div><b>a.</b> 重大的；显著的；有意义的<br><span style='color:#888'>反义: insignificant / negligible</span><div style='margin-top:8px;padding:6px;background:#f6f6f6;border-left:3px solid #4a90d9'><i>have risen by a <u>significant</u> margin</i><br><span style='color:#666'>已经以显著的幅度上升</span></div><div style='font-size:0.8em;color:#999;margin-top:4px'>真题频次: 15 (2010-2024)</div>	Day2 必背 高频
institution	<div style='font-size:0.95em;color:#555'>/ˌɪnstɪˈtjuːʃn/</div><b>n.</b> 机构；制度；惯例；学校；研究所<div style='margin-top:8px;padding:6px;background:#f6f6f6;border-left:3px solid #4a90d9'><i>places governments and scientific <u>institutions</u> in open conflict</i><br><span style='color:#666'>使政府和科学机构陷入公开冲突</span></div><div style='font-size:0.8em;color:#999;margin-top:4px'>真题频次: 16 (2010-2024)</div>	Day2 必背 高频
conflict	<div style='font-size:0.95em;color:#555'><b>n.</b> /ˈkɒnflɪkt/<br><b>v.</b> /kənˈflɪkt/</div><b>n./v.</b> 冲突；战斗；抵触<br><span style='color:#888'>固定: <b>in conflict with</b> = 与…冲突</span><div style='margin-top:8px;padding:6px;background:#f6f6f6;border-left:3px solid #4a90d9'><i>places governments and scientific institutions in open <u>conflict</u></i><br><span style='color:#666'>使政府和科学机构陷入公开冲突</span></div><div style='font-size:0.8em;color:#999;margin-top:4px'>真题频次: 12 (2010-2024)</div>	Day2 必背 高频 搭配
segment	<div style='font-size:0.95em;color:#555'><b>n.</b> /ˈseɡmənt/<br><b>v.</b> /seɡˈment/</div><b>n.</b> 部分；段；线段<br><b>v.</b> 分割，分段<div style='margin-top:8px;padding:6px;background:#f6f6f6;border-left:3px solid #4a90d9'><i>The disagreement can be <u>segmented</u> into three layers</i><br><span style='color:#666'>这场分歧可以分成三个层次</span></div><div style='font-size:0.8em;color:#999;margin-top:4px'>真题频次: 18 (2010-2024)</div>	Day2 必背 高频
species	<div style='font-size:0.95em;color:#555'>/ˈspiːʃiːz/</div><b>n.</b> 物种；种类<br><b style='color:#c00'>注意：单复数同形！</b><div style='margin-top:8px;padding:6px;background:#f6f6f6;border-left:3px solid #4a90d9'><i>which <u>species</u> are most at risk and to what degree</i><br><span style='color:#666'>哪些物种最危险，危险到什么程度</span></div><div style='font-size:0.8em;color:#999;margin-top:4px'>真题频次: 13 (2010-2024)</div>	Day2 必背 单复同形
degree	<div style='font-size:0.95em;color:#555'>/dɪˈɡriː/</div><b>n.</b> 程度；度数；学位；等级<br><span style='color:#888'>固定: <b>to what degree</b> = 到什么程度 / <b>by degrees</b> = 逐渐</span><div style='margin-top:8px;padding:6px;background:#f6f6f6;border-left:3px solid #4a90d9'><i>to what <u>degree</u>, a question on which biologists are rarely in accord</i><br><span style='color:#666'>到什么程度，这是一个生物学家们很少能达成一致的问题</span></div><div style='font-size:0.8em;color:#999;margin-top:4px'>真题频次: 16 (2010-2024)</div>	Day2 必背 高频 多义
revenue	<div style='font-size:0.95em;color:#555'>/ˈrevənjuː/</div><b>n.</b> 财政收入；税收；收益<br><span style='color:#888'>反: expenditure 支出</span><div style='margin-top:8px;padding:6px;background:#f6f6f6;border-left:3px solid #4a90d9'><i>lawmakers calculate <u>revenue</u> losses</i><br><span style='color:#666'>立法者计算财政收入损失</span></div><div style='font-size:0.8em;color:#999;margin-top:4px'>真题频次: 13 (2010-2024)</div>	Day2 必背
reflect	<div style='font-size:0.95em;color:#555'>/rɪˈflekt/</div><b>v.</b> 反射；反映；<b>反省，思考</b>（喻义）<br><span style='color:#888'>固定: <b>reflect on</b> = 思考、反省</span><div style='margin-top:8px;padding:6px;background:#f6f6f6;border-left:3px solid #4a90d9'><i>voters <u>reflect</u> on rising costs of housing and food</i><br><span style='color:#666'>选民反思不断上涨的住房和食物成本</span></div><div style='font-size:0.8em;color:#999;margin-top:4px'>真题频次: 13 (2010-2024)</div>	Day2 必背 多义 搭配
housing	<div style='font-size:0.95em;color:#555'>/ˈhaʊzɪŋ/</div><b>n.</b> 住房；住房供给；外壳，防护罩<div style='margin-top:8px;padding:6px;background:#f6f6f6;border-left:3px solid #4a90d9'><i>rising costs of <u>housing</u> and food</i><br><span style='color:#666'>不断上涨的住房和食物成本</span></div><div style='font-size:0.8em;color:#999;margin-top:4px'>真题频次: 15 (2010-2024)</div>	Day2 必背 高频
association	<div style='font-size:0.95em;color:#555'>/əˌsəʊsiˈeɪʃn/</div><b>n.</b> 协会；联合；交往；<b>联想</b>（心理学）<br><span style='color:#888'>固定: <b>in association with</b> = 与…联合</span><div style='margin-top:8px;padding:6px;background:#f6f6f6;border-left:3px solid #4a90d9'><i>no single <u>association</u> ... A small <u>association</u> of academics has proposed...</i><br><span style='color:#666'>没有单一协会……一个小型学术协会提议……</span></div><div style='font-size:0.8em;color:#999;margin-top:4px'>真题频次: 13 (2010-2024)</div>	Day2 必背
charge	<div style='font-size:0.95em;color:#555'>/tʃɑːdʒ/</div><b>v.</b> 索价；<b>起诉，控告</b>（熟词僻义）；充电；冲锋<br><b>n.</b> 费用；电荷；指控；负责<br><span style='color:#888'>固定: <b>in charge of</b> = 负责</span><div style='margin-top:8px;padding:6px;background:#f6f6f6;border-left:3px solid #4a90d9'><i>no body has the right to <u>charge</u> them on behalf of the rest</i><br><span style='color:#666'>没有机构有权代表其他人对他们提起诉讼</span></div><div style='font-size:0.8em;color:#999;margin-top:4px'>真题频次: 13 (2010-2024)</div>	Day2 必背 熟词僻义 多义
conclude	<div style='font-size:0.95em;color:#555'>/kənˈkluːd/</div><b>v.</b> 结束；<b>得出结论</b>；缔结（条约）<br><span style='color:#888'>派生: conclusion 结论 / conclusive 决定性的</span><div style='margin-top:8px;padding:6px;background:#f6f6f6;border-left:3px solid #4a90d9'><i>allowing citizens to <u>conclude</u> for themselves</i><br><span style='color:#666'>让公民自己得出结论</span></div><div style='font-size:0.8em;color:#999;margin-top:4px'>真题频次: 13 (2010-2024)</div>	Day2 必背
drawing	<div style='font-size:0.95em;color:#555'>/ˈdrɔːɪŋ/</div><b>n.</b> 绘画；图样；抽签<br><span style='color:#888'>动名词形式于 draw</span><div style='margin-top:8px;padding:6px;background:#f6f6f6;border-left:3px solid #4a90d9'><i>merely a <u>drawing</u> on the wall</i><br><span style='color:#666'>仅仅是墙上的画（喻空想/纸上谈兵）</span></div><div style='font-size:0.8em;color:#999;margin-top:4px'>真题频次: 13 (2010-2024)</div>	Day2 必背
asset	<div style='font-size:0.95em;color:#555'>/ˈæset/</div><b>n.</b> 资产；财产；<b>有价值的东西，宝贵财富</b>；天赋<div style='margin-top:8px;padding:6px;background:#f6f6f6;border-left:3px solid #4a90d9'><i>Climate <u>assets</u> must be protected</i><br><span style='color:#666'>气候资产必须得到保护</span></div><div style='font-size:0.8em;color:#999;margin-top:4px'>真题频次: 17 (2010-2024)</div>	Day2 必背 高频
brain	<div style='font-size:0.95em;color:#555'>/breɪn/</div><b>n.</b> 大脑；智能；脑力<br><span style='color:#888'>固定: <b>brain trust</b> = 智囊团 / <b>brain drain</b> = 人才流失</span><div style='margin-top:8px;padding:6px;background:#f6f6f6;border-left:3px solid #4a90d9'><i>the <u>brain</u> trust of every nation steered toward decisive action</i><br><span style='color:#666'>每个国家的智囊团转向果断行动</span></div><div style='font-size:0.8em;color:#999;margin-top:4px'>真题频次: 12 (2010-2024)</div>	Day2 必背 搭配
emission	<div style='font-size:0.95em;color:#555'>/ɪˈmɪʃn/</div><b>n.</b> 排放（物）；散发；发出<br><span style='color:#888'>派生: emit v. 排放 / emitter n. 排放者</span><div style='margin-top:8px;padding:6px;background:#f6f6f6;border-left:3px solid #4a90d9'><i>global <u>emissions</u>, far from declining, have risen by a significant margin</i><br><span style='color:#666'>全球碳排放量非但没下降，反而以显著的幅度上升</span></div>	Day2 支持词 派生组
emitter	<div style='font-size:0.95em;color:#555'>/ɪˈmɪtə(r)/</div><b>n.</b> 排放者；发射器<br><span style='color:#888'>常见: carbon emitter 碳排放国 / 大型排放者</span><div style='margin-top:8px;padding:6px;background:#f6f6f6;border-left:3px solid #4a90d9'><i>the world's largest carbon <u>emitters</u> belong to no single association</i><br><span style='color:#666'>世界上最大的碳排放国不属于任何单一协会</span></div>	Day2 支持词 派生组
genuine	<div style='font-size:0.95em;color:#555'>/ˈdʒenjuɪn/</div><b>a.</b> 真实的，真正的；真诚的，名副其实的<br><span style='color:#888'>近义: real / authentic · 反: fake / artificial</span><div style='margin-top:8px;padding:6px;background:#f6f6f6;border-left:3px solid #4a90d9'><i>there is <u>genuine</u> debate about which species are most at risk</i><br><span style='color:#666'>对于哪些物种最危险，存在真正的争论</span></div>	Day2 支持词
equivalent	<div style='font-size:0.95em;color:#555'>/ɪˈkwɪvələnt/</div><b>n.</b> 等价物，相等物<br><b>a.</b> 相等的，等同的（of/to）<br><span style='color:#888'>固定: <b>be equivalent to</b> = 等同于</span><div style='margin-top:8px;padding:6px;background:#f6f6f6;border-left:3px solid #4a90d9'><i>Independent reviewers — the climate-policy <u>equivalent</u> of peer review</i><br><span style='color:#666'>独立评审员——气候政策中相当于同行评审的角色</span></div>	Day2 支持词 搭配
propose	<div style='font-size:0.95em;color:#555'>/prəˈpəʊz/</div><b>v.</b> 提议；建议；求婚<br><span style='color:#888'>派生: proposal n. 提议 / proposition n. 主张</span><div style='margin-top:8px;padding:6px;background:#f6f6f6;border-left:3px solid #4a90d9'><i>A small association of academics has <u>proposed</u> that every major emissions plan be evaluated...</i><br><span style='color:#666'>一个小型学术协会提议每项重大排放计划都应被评审……</span></div>	Day2 支持词
steer	<div style='font-size:0.95em;color:#555'>/stɪə(r)/</div><b>v.</b> 驾驶（船/车）；<b>引导，操控（方向）</b><br><span style='color:#888'>固定: <b>steer toward</b> = 引向；<b>steer clear of</b> = 避开</span><div style='margin-top:8px;padding:6px;background:#f6f6f6;border-left:3px solid #4a90d9'><i>the brain trust of every nation <u>steered</u> toward decisive action</i><br><span style='color:#666'>每个国家的智囊团被引导走向果断的行动</span></div>	Day2 支持词 搭配
decisive	<div style='font-size:0.95em;color:#555'>/dɪˈsaɪsɪv/</div><b>a.</b> 决定性的，果断的；坚决的<br><span style='color:#888'>派生: decide v. / decision n. / decisive a. (果断) ≠ decided (已决定)</span><div style='margin-top:8px;padding:6px;background:#f6f6f6;border-left:3px solid #4a90d9'><i>steered toward <u>decisive</u> action</i><br><span style='color:#666'>走向果断的行动</span></div>	Day2 支持词 派生组
dim	<div style='font-size:0.95em;color:#555'>/dɪm/</div><b>v.</b> 使变暗，变模糊<br><b>a.</b> 暗淡的；模糊的；不乐观的<br><span style='color:#888'>过去式 <b>dimmed</b> · 反: bright / brilliant</span><div style='margin-top:8px;padding:6px;background:#f6f6f6;border-left:3px solid #4a90d9'><i>or let evidence be <u>dimmed</u> by political noise</i><br><span style='color:#666'>或让证据被政治杂音所掩盖（变得模糊）</span></div>	Day2 支持词
fundamental	<div style='font-size:0.95em;color:#555'>/ˌfʌndəˈmentl/</div><b>a.</b> 基础的，根本的，基本的<br><b>n.</b> (pl.) 基本原则，基本原理<br><span style='color:#888'>派生: fundamentally ad. 根本上</span><div style='margin-top:8px;padding:6px;background:#f6f6f6;border-left:3px solid #4a90d9'><i>Few subjects today are as <u>fundamental</u> to public debate as the regulation of AI</i><br><span style='color:#666'>今天很少有话题像 AI 监管一样，对公众讨论来说如此根本</span></div><div style='font-size:0.8em;color:#999;margin-top:4px'>真题频次: 12 (2010-2024)</div>	Day3 必背 高频
regulation	<div style='font-size:0.95em;color:#555'>/ˌreɡjuˈleɪʃn/</div><b>n.</b> 规则，规章；管理；调节，校准<br><span style='color:#888'>派生: regulate v. / regulator n.</span><div style='margin-top:8px;padding:6px;background:#f6f6f6;border-left:3px solid #4a90d9'><i>the <u>regulation</u> of artificial intelligence remains stubbornly vague</i><br><span style='color:#666'>人工智能的监管仍顽固地含糊不清</span></div><div style='font-size:0.8em;color:#999;margin-top:4px'>真题频次: 12 (2010-2024)</div>	Day3 必背 高频
vague	<div style='font-size:0.95em;color:#555'>/veɪɡ/</div><b>a.</b> 不明确的，模糊的，含糊的；茫然的<br><span style='color:#888'>反: clear / specific / definite</span><div style='margin-top:8px;padding:6px;background:#f6f6f6;border-left:3px solid #4a90d9'><i>the field remains stubbornly <u>vague</u></i><br><span style='color:#666'>这一领域仍顽固地含糊不清</span></div><div style='font-size:0.8em;color:#999;margin-top:4px'>真题频次: 4 (2010-2024)</div>	Day3 必背
advocate	<div style='font-size:0.95em;color:#555'><b>n.</b> /ˈædvəkət/<br><b>v.</b> /ˈædvəkeɪt/</div><b>n.</b> 倡导者，拥护者<br><b>v.</b> 提倡，主张<br><b style='color:#c00'>词性双发音：n. 尾音 /ət/ 弱化；v. 尾音 /eɪt/ 强化</b><div style='margin-top:8px;padding:6px;background:#f6f6f6;border-left:3px solid #4a90d9'><i><u>Advocates</u> of strict rules argue ... A small association has begun to <u>advocate</u> for international standards</i><br><span style='color:#666'>严格规则的倡导者认为……一个小协会开始提倡国际标准</span></div><div style='font-size:0.8em;color:#999;margin-top:4px'>真题频次: 8 (2010-2024)</div>	Day3 必背 双发音
ambiguous	<div style='font-size:0.95em;color:#555'>/æmˈbɪɡjuəs/</div><b>a.</b> 引起歧义的，模棱两可的，含糊不清的<br><span style='color:#888'>近: vague · 反: unambiguous / clear</span><div style='margin-top:8px;padding:6px;background:#f6f6f6;border-left:3px solid #4a90d9'><i>current frameworks are <u>ambiguous</u> at best</i><br><span style='color:#666'>当前的框架充其量是模棱两可的</span></div><div style='font-size:0.8em;color:#999;margin-top:4px'>真题频次: 5 (2010-2024)</div>	Day3 必背
arbitrary	<div style='font-size:0.95em;color:#555'>/ˈɑːbɪtrəri/</div><b>a.</b> 任意的，任性的；专断，武断的；无理由的<br><span style='color:#888'>反: rule-based / systematic</span><div style='margin-top:8px;padding:6px;background:#f6f6f6;border-left:3px solid #4a90d9'><i><u>arbitrary</u> at worst — failing to articulate clear lines</i><br><span style='color:#666'>最糟时是武断的——无法清楚划出界限</span></div><div style='font-size:0.8em;color:#999;margin-top:4px'>真题频次: 1 (2010-2024)</div>	Day3 必背
articulate	<div style='font-size:0.95em;color:#555'><b>a.</b> /ɑːˈtɪkjələt/<br><b>v.</b> /ɑːˈtɪkjuleɪt/</div><b>a.</b> 善于表达的，口齿清晰的<br><b>v.</b> 清楚地阐述；明确表达<br><b style='color:#c00'>词性双发音（同 advocate 模式）</b><div style='margin-top:8px;padding:6px;background:#f6f6f6;border-left:3px solid #4a90d9'><i>failing to <u>articulate</u> clear lines between research and harm</i><br><span style='color:#666'>未能清楚阐述研究与危害之间的界限</span></div><div style='font-size:0.8em;color:#999;margin-top:4px'>真题频次: 1 (2010-2024)</div>	Day3 必背 双发音
allege	<div style='font-size:0.95em;color:#555'>/əˈledʒ/</div><b>v.</b> 断言；声称（无证据）；指控<br><span style='color:#888'>派生: allegation n. 指控（声称）</span><div style='margin-top:8px;padding:6px;background:#f6f6f6;border-left:3px solid #4a90d9'><i>Critics, in turn, <u>allege</u> that hasty laws would diminish innovation</i><br><span style='color:#666'>批评者反过来声称仓促的法律会削弱创新</span></div><div style='font-size:0.8em;color:#999;margin-top:4px'>真题频次: 1 (2010-2024)</div>	Day3 必背
diminish	<div style='font-size:0.95em;color:#555'>/dɪˈmɪnɪʃ/</div><b>v.</b> 缩小，减少；削弱；递减<br><span style='color:#888'>近: reduce / decrease · 反: increase / enlarge</span><div style='margin-top:8px;padding:6px;background:#f6f6f6;border-left:3px solid #4a90d9'><i>hasty laws would <u>diminish</u> innovation and drive talent overseas</i><br><span style='color:#666'>仓促的法律会削弱创新，并把人才赶到海外</span></div><div style='font-size:0.8em;color:#999;margin-top:4px'>真题频次: 4 (2010-2024)</div>	Day3 必背
integrate	<div style='font-size:0.95em;color:#555'>/ˈɪntɪɡreɪt/</div><b>v.</b> (with/into) 使结合，整合，融合<br><span style='color:#888'>固定: <b>integrate X with Y</b> = 使 X 与 Y 结合 / <b>integrate into</b> = 融入</span><div style='margin-top:8px;padding:6px;background:#f6f6f6;border-left:3px solid #4a90d9'><i>Lawmakers have tried to <u>integrate</u> technical knowledge with traditional legal principles</i><br><span style='color:#666'>立法者试图将技术知识与传统法律原则相结合</span></div><div style='font-size:0.8em;color:#999;margin-top:4px'>真题频次: 5 (2010-2024)</div>	Day3 必背 搭配
coherent	<div style='font-size:0.95em;color:#555'>/kəʊˈhɪərənt/</div><b>a.</b> 一致的，协调的；（话语等）条理清楚的，连贯的<br><span style='color:#888'>派生: coherence n. 连贯性 · 反: incoherent</span><div style='margin-top:8px;padding:6px;background:#f6f6f6;border-left:3px solid #4a90d9'><i>A <u>coherent</u> framework, as experts indicate, must rest on three pillars</i><br><span style='color:#666'>正如专家所指出，一个连贯的框架必须建立在三大支柱上</span></div><div style='font-size:0.8em;color:#999;margin-top:4px'>真题频次: 8 (2010-2024)</div>	Day3 必背
depict	<div style='font-size:0.95em;color:#555'>/dɪˈpɪkt/</div><b>v.</b> 描绘；描写，描述（通过文字或图像）<br><span style='color:#888'>近: portray / describe</span><div style='margin-top:8px;padding:6px;background:#f6f6f6;border-left:3px solid #4a90d9'><i>scholars <u>depict</u> today's rules as a patchwork of transient measures</i><br><span style='color:#666'>学者们将当今的规则描述为一堆临时措施的拼凑</span></div><div style='font-size:0.8em;color:#999;margin-top:4px'>真题频次: 2 (2010-2024)</div>	Day3 必背
transient	<div style='font-size:0.95em;color:#555'>/ˈtrænziənt/</div><b>a.</b> 短暂的，转瞬即逝的；临时的，暂住的<br><span style='color:#888'>近: temporary / brief · 反: permanent / lasting</span><div style='margin-top:8px;padding:6px;background:#f6f6f6;border-left:3px solid #4a90d9'><i>today's rules as a patchwork of <u>transient</u> measures</i><br><span style='color:#666'>当今规则是一堆临时性措施的拼凑</span></div><div style='font-size:0.8em;color:#999;margin-top:4px'>真题频次: 2 (2010-2024)</div>	Day3 必背
bear	<div style='font-size:0.95em;color:#555'>/beə(r)/</div><b>v.</b> <b>承担；忍受</b>（熟词僻义）；生育；结果实<br><b>n.</b> 熊<br><span style='color:#888'>固定: <b>bear the burden</b> = 承担负担 / <b>bear children</b> = 生育 / <b>bear in mind</b> = 记住</span><div style='margin-top:8px;padding:6px;background:#f6f6f6;border-left:3px solid #4a90d9'><i>neither flexible enough to <u>bear</u> new technologies ... whether institutions can <u>bear</u> the regulatory burden</i><br><span style='color:#666'>既不够灵活以承载新技术……公共机构能否承担监管重担</span></div><div style='font-size:0.8em;color:#999;margin-top:4px'>真题频次: 3 (2010-2024)</div>	Day3 必背 熟词僻义 高频搭配
prevalent	<div style='font-size:0.95em;color:#555'>/ˈprevələnt/</div><b>a.</b> 流行的，普遍的，盛行的<br><span style='color:#888'>派生: prevail v. 流行；prevalence n.</span><div style='margin-top:8px;padding:6px;background:#f6f6f6;border-left:3px solid #4a90d9'><i>The <u>prevalent</u> view in academic journals is that...</i><br><span style='color:#666'>学术期刊中流行的观点是……</span></div><div style='font-size:0.8em;color:#999;margin-top:4px'>真题频次: 1 (2010-2024)</div>	Day3 必背
retreat	<div style='font-size:0.95em;color:#555'>/rɪˈtriːt/</div><b>v.</b> 撤退，退却；退避<br><b>n.</b> 撤退；隐居（处）<br><span style='color:#888'>固定: <b>retreat from</b> = 从…退却</span><div style='margin-top:8px;padding:6px;background:#f6f6f6;border-left:3px solid #4a90d9'><i>Some governments have chosen to <u>retreat</u> from binding commitments</i><br><span style='color:#666'>一些政府选择从有约束力的承诺中退却</span></div><div style='font-size:0.8em;color:#999;margin-top:4px'>真题频次: 1 (2010-2024)</div>	Day3 必背 搭配
plausible	<div style='font-size:0.95em;color:#555'>/ˈplɔːzəbl/</div><b>a.</b> 似乎合理的；似可信的（注意：可能不真但听起来合理）<br><span style='color:#888'>近: believable / credible · 反: implausible</span><div style='margin-top:8px;padding:6px;background:#f6f6f6;border-left:3px solid #4a90d9'><i>voluntary codes that, while <u>plausible</u> on paper, are easy to neglect in practice</i><br><span style='color:#666'>自愿性准则，虽然在纸面上似乎合理，但在实践中容易被忽视</span></div><div style='font-size:0.8em;color:#999;margin-top:4px'>真题频次: 1 (2010-2024)</div>	Day3 必背
neglect	<div style='font-size:0.95em;color:#555'>/nɪˈɡlekt/</div><b>v./n.</b> 忽视；疏忽；漏做<br><span style='color:#888'>近: ignore / overlook · 反: attend to / heed</span><div style='margin-top:8px;padding:6px;background:#f6f6f6;border-left:3px solid #4a90d9'><i>voluntary codes ... are easy to <u>neglect</u> in practice</i><br><span style='color:#666'>自愿性准则……在实践中容易被忽视</span></div><div style='font-size:0.8em;color:#999;margin-top:4px'>真题频次: 5 (2010-2024)</div>	Day3 必背
surpass	<div style='font-size:0.95em;color:#555'>/səˈpɑːs/</div><b>v.</b> 超过，胜过<br><span style='color:#888'>近: exceed / outdo</span><div style='margin-top:8px;padding:6px;background:#f6f6f6;border-left:3px solid #4a90d9'><i>international standards that no single nation can <u>surpass</u> or prevail over alone</i><br><span style='color:#666'>没有任何单一国家能单独超越或胜过的国际标准</span></div><div style='font-size:0.8em;color:#999;margin-top:4px'>真题频次: 3 (2010-2024)</div>	Day3 必背
prevail	<div style='font-size:0.95em;color:#555'>/prɪˈveɪl/</div><b>v.</b> (over/against) 取胜，占优势；流行，盛行<br><span style='color:#888'>固定: <b>prevail over</b> = 战胜；<b>prevail against</b> = 抵抗（成功）</span><br><span style='color:#888'>派生: prevalent a. 流行的（见今日另一词）</span><div style='margin-top:8px;padding:6px;background:#f6f6f6;border-left:3px solid #4a90d9'><i>no single nation can surpass or <u>prevail</u> over alone</i><br><span style='color:#666'>没有任何单一国家能单独战胜（这一挑战）</span></div><div style='font-size:0.8em;color:#999;margin-top:4px'>真题频次: 4 (2010-2024)</div>	Day3 必背 搭配
artificial	<div style='font-size:0.95em;color:#555'>/ˌɑːtɪˈfɪʃl/</div><b>a.</b> 人工的，人造的；<b>不自然的，假装的</b><div style='margin-top:8px;padding:6px;background:#f6f6f6;border-left:3px solid #4a90d9'><i>the regulation of <u>artificial</u> intelligence</i><br><span style='color:#666'>人工智能的监管</span></div>	Day3 支持词
stubborn	<div style='font-size:0.95em;color:#555'>/ˈstʌbən/</div><b>a.</b> 顽固的，倔强的；难处理的<br><span style='color:#888'>派生: stubbornly ad. 顽固地</span><div style='margin-top:8px;padding:6px;background:#f6f6f6;border-left:3px solid #4a90d9'><i>the field remains <u>stubbornly</u> vague</i><br><span style='color:#666'>该领域仍顽固地保持含糊不清</span></div>	Day3 支持词
hasty	<div style='font-size:0.95em;color:#555'>/ˈheɪsti/</div><b>a.</b> 仓促的，匆忙的；草率的<br><span style='color:#888'>派生: haste n. 仓促 / hastily ad.</span><div style='margin-top:8px;padding:6px;background:#f6f6f6;border-left:3px solid #4a90d9'><i><u>hasty</u> laws would diminish innovation</i><br><span style='color:#666'>仓促的法律会削弱创新</span></div>	Day3 支持词
innovation	<div style='font-size:0.95em;color:#555'>/ˌɪnəˈveɪʃn/</div><b>n.</b> 创新；新方法，新事物<br><span style='color:#888'>派生: innovate v. / innovative a. 创新的</span><div style='margin-top:8px;padding:6px;background:#f6f6f6;border-left:3px solid #4a90d9'><i>would diminish <u>innovation</u> and drive talent overseas</i><br><span style='color:#666'>会削弱创新并把人才赶到海外</span></div>	Day3 支持词
consensus	<div style='font-size:0.95em;color:#555'>/kənˈsensəs/</div><b>n.</b> 共识，一致意见<br><span style='color:#888'>固定: <b>reach a consensus</b> = 达成共识</span><div style='margin-top:8px;padding:6px;background:#f6f6f6;border-left:3px solid #4a90d9'><i>The conflict has not yet reflected real <u>consensus</u></i><br><span style='color:#666'>这场冲突尚未反映出真正的共识</span></div>	Day3 支持词 搭配
erode	<div style='font-size:0.95em;color:#555'>/ɪˈrəʊd/</div><b>v.</b> 侵蚀，腐蚀；<b>逐渐削弱</b>（喻义）<br><span style='color:#888'>派生: erosion n. 侵蚀</span><div style='margin-top:8px;padding:6px;background:#f6f6f6;border-left:3px solid #4a90d9'><i>trust between regulators and developers continues to <u>erode</u></i><br><span style='color:#666'>监管者与开发者之间的信任继续被削弱</span></div>	Day3 支持词
expert	<div style='font-size:0.95em;color:#555'>/ˈekspɜːt/</div><b>n.</b> 专家，能手<br><b>a.</b> 专业的，熟练的<br><span style='color:#888'>派生: expertise n. 专长（Day 1 已学）</span><div style='margin-top:8px;padding:6px;background:#f6f6f6;border-left:3px solid #4a90d9'><i>as <u>experts</u> indicate, must rest on three pillars</i><br><span style='color:#666'>正如专家所指出，必须建立在三大支柱上</span></div>	Day3 支持词
pillar	<div style='font-size:0.95em;color:#555'>/ˈpɪlə(r)/</div><b>n.</b> 柱子；<b>支柱，台柱</b>（喻义）<br><span style='color:#888'>固定: <b>pillar of society</b> = 社会栋梁</span><div style='margin-top:8px;padding:6px;background:#f6f6f6;border-left:3px solid #4a90d9'><i>must rest on three <u>pillars</u>: transparency, accountability, and reversibility</i><br><span style='color:#666'>必须建立在三大支柱上：透明、问责、可逆</span></div>	Day3 支持词
transparency	<div style='font-size:0.95em;color:#555'>/trænsˈpærənsi/</div><b>n.</b> 透明度；<b>公开度，明朗度</b><br><span style='color:#888'>派生: transparent a. 透明的</span><div style='margin-top:8px;padding:6px;background:#f6f6f6;border-left:3px solid #4a90d9'><i>must rest on three pillars: <u>transparency</u>, accountability, and reversibility</i><br><span style='color:#666'>三大支柱：透明、问责、可逆</span></div>	Day3 支持词
accountability	<div style='font-size:0.95em;color:#555'>/əˌkaʊntəˈbɪləti/</div><b>n.</b> 问责制，责任；担责<br><span style='color:#888'>派生: accountable a. 负责的，可问责的</span><div style='margin-top:8px;padding:6px;background:#f6f6f6;border-left:3px solid #4a90d9'><i>transparency, <u>accountability</u>, and reversibility</i><br><span style='color:#666'>透明、问责、可逆性</span></div>	Day3 支持词
reversibility	<div style='font-size:0.95em;color:#555'>/rɪˌvɜːsəˈbɪləti/</div><b>n.</b> 可逆性；可撤销性<br><span style='color:#888'>派生: reverse v. 颠倒 / reversible a. 可逆的</span><div style='margin-top:8px;padding:6px;background:#f6f6f6;border-left:3px solid #4a90d9'><i>transparency, accountability, and <u>reversibility</u></i><br><span style='color:#666'>透明、问责、可逆性</span></div>	Day3 支持词
patchwork	<div style='font-size:0.95em;color:#555'>/ˈpætʃwɜːk/</div><b>n.</b> 拼凑物；杂烩；拼布<br><span style='color:#888'>(patch n. 补丁 + work) · 真题阅读高频喻义</span><div style='margin-top:8px;padding:6px;background:#f6f6f6;border-left:3px solid #4a90d9'><i>scholars depict today's rules as a <u>patchwork</u> of transient measures</i><br><span style='color:#666'>学者们将当今的规则描绘为临时措施的拼凑</span></div>	Day3 支持词
binding	<div style='font-size:0.95em;color:#555'>/ˈbaɪndɪŋ/</div><b>a.</b> 有约束力的；必须遵守的<br><b>n.</b> 装订；包扎物<br><span style='color:#888'>固定: <b>binding agreement</b> = 有约束力的协议</span><div style='margin-top:8px;padding:6px;background:#f6f6f6;border-left:3px solid #4a90d9'><i>have chosen to retreat from <u>binding</u> commitments</i><br><span style='color:#666'>选择从有约束力的承诺中退却</span></div>	Day3 支持词 搭配
opt	<div style='font-size:0.95em;color:#555'>/ɒpt/</div><b>v.</b> (for/to) 选择，挑选<br><span style='color:#888'>固定: <b>opt for X</b> = 选择 X / <b>opt out (of)</b> = 退出</span><div style='margin-top:8px;padding:6px;background:#f6f6f6;border-left:3px solid #4a90d9'><i><u>opting</u> instead for voluntary codes</i><br><span style='color:#666'>转而选择自愿性准则</span></div>	Day3 支持词 搭配
dismiss	<div style='font-size:0.95em;color:#555'>/dɪsˈmɪs/</div><b>v.</b> 解雇；<b>驳回，不予理会</b>；解散<br><span style='color:#888'>固定: <b>dismiss X as Y</b> = 把 X 视为 Y 而不予理会</span><div style='margin-top:8px;padding:6px;background:#f6f6f6;border-left:3px solid #4a90d9'><i>has been <u>dismissed</u> as another arbitrary compromise</i><br><span style='color:#666'>已被驳回为另一项武断的妥协</span></div>	Day3 支持词 搭配
compromise	<div style='font-size:0.95em;color:#555'>/ˈkɒmprəmaɪz/</div><b>n./v.</b> 妥协，折衷；让步；危及<br><span style='color:#888'>固定: <b>reach a compromise</b> = 达成妥协 · vt. <b>compromise X</b> = 危及/损害 X</span><div style='margin-top:8px;padding:6px;background:#f6f6f6;border-left:3px solid #4a90d9'><i>another arbitrary <u>compromise</u></i><br><span style='color:#666'>另一项武断的妥协</span></div>	Day3 支持词
regulatory	<div style='font-size:0.95em;color:#555'>/ˈreɡjələtəri/</div><b>a.</b> 监管的，管理的<br><span style='color:#888'>派生自 regulate v. (今日新词 regulation 同根)</span><div style='margin-top:8px;padding:6px;background:#f6f6f6;border-left:3px solid #4a90d9'><i>whether public institutions can bear the <u>regulatory</u> burden</i><br><span style='color:#666'>公共机构能否承担监管的重担</span></div>	Day3 支持词 派生组
reshape	<div style='font-size:0.95em;color:#555'>/riːˈʃeɪp/</div><b>v.</b> 重塑；改变形状/结构<br><span style='color:#888'>(re- 再 + shape 形状)</span><div style='margin-top:8px;padding:6px;background:#f6f6f6;border-left:3px solid #4a90d9'><i>the question is not whether AI will <u>reshape</u> society</i><br><span style='color:#666'>问题不在于 AI 是否会重塑社会</span></div>	Day3 支持词
coordinate	<div style='font-size:0.95em;color:#555'>/kəʊˈɔːdɪneɪt/</div><b>v.</b> 协调，使配合<br><b>n.</b> 坐标<br><span style='color:#888'>派生: coordinated a. 协调的（文中过去分词形式作形容词）</span><div style='margin-top:8px;padding:6px;background:#f6f6f6;border-left:3px solid #4a90d9'><i>evidence of <u>coordinated</u>, decisive action remains thin</i><br><span style='color:#666'>协调的、果断的行动的证据仍很薄弱</span></div>	Day3 支持词
thin	<div style='font-size:0.95em;color:#555'>/θɪn/</div><b>a.</b> 薄的；瘦的；稀少的；<b>不充分的，单薄的</b>（喻义）<br><span style='color:#888'>真题考点: <b>evidence is thin</b> = 证据不充分</span><div style='margin-top:8px;padding:6px;background:#f6f6f6;border-left:3px solid #4a90d9'><i>evidence of coordinated, decisive action remains <u>thin</u></i><br><span style='color:#666'>协调的、果断的行动的证据仍很薄弱</span></div>	Day3 支持词 熟词僻义
